{"cameraMode":{"drawMode":0,"name":"Shaded","section":"Shading Mode"},"sceneLighting":true,"audioPlay":false,"sceneViewState":{"m_AlwaysRefresh":false,"showFog":true,"showSkybox":true,"showFlares":true,"showImageEffects":true,"showParticleSystems":true,"showVisualEffectGraphs":true,"m_FxEnabled":true},"in2DMode":false,"pivot":{"x":-28.712194442749025,"y":2.6551012992858888,"z":0.09292221069335938},"rotation":{"x":0.07029261440038681,"y":0.3554735779762268,"z":-0.026831291615962983,"w":0.9316695332527161},"size":5.538784980773926,"orthographic":false}