{"cameraMode":{"drawMode":0,"name":"Shaded","section":"Shading Mode"},"sceneLighting":false,"audioPlay":false,"sceneViewState":{"m_AlwaysRefresh":false,"showFog":true,"showSkybox":false,"showFlares":true,"showImageEffects":true,"showParticleSystems":true,"showVisualEffectGraphs":true,"m_FxEnabled":true},"in2DMode":false,"pivot":{"x":0.14355087280273438,"y":0.35023581981658938,"z":-0.4330933094024658},"rotation":{"x":-0.23910370469093324,"y":0.11968092620372772,"z":-0.02959592640399933,"w":-0.9631797075271606},"size":0.6349868178367615,"orthographic":false}