{"cameraMode":{"drawMode":0,"name":"Shaded","section":"Shading Mode"},"sceneLighting":false,"audioPlay":false,"sceneViewState":{"m_AlwaysRefresh":false,"showFog":true,"showSkybox":false,"showFlares":true,"showImageEffects":true,"showParticleSystems":true,"showVisualEffectGraphs":true,"m_FxEnabled":true},"in2DMode":false,"pivot":{"x":-40.06906509399414,"y":1.3703845739364625,"z":0.29344868659973147},"rotation":{"x":0.10493923723697663,"y":-0.44002145528793337,"z":0.05183650180697441,"w":0.8903508186340332},"size":1.684396505355835,"orthographic":false}