{"cameraMode":{"drawMode":0,"name":"Shaded","section":"Shading Mode"},"sceneLighting":false,"audioPlay":false,"sceneViewState":{"m_AlwaysRefresh":false,"showFog":true,"showSkybox":false,"showFlares":true,"showImageEffects":true,"showParticleSystems":true,"showVisualEffectGraphs":true,"m_FxEnabled":true},"in2DMode":false,"pivot":{"x":-40.2508544921875,"y":1.154973030090332,"z":0.4982109069824219},"rotation":{"x":0.06917252391576767,"y":-0.04936666041612625,"z":0.0034027150832116606,"w":0.9963971376419067},"size":2.864842176437378,"orthographic":false}