{"cameraMode":{"drawMode":0,"name":"Shaded","section":"Shading Mode"},"sceneLighting":false,"audioPlay":false,"sceneViewState":{"m_AlwaysRefresh":false,"showFog":true,"showSkybox":false,"showFlares":true,"showImageEffects":true,"showParticleSystems":true,"showVisualEffectGraphs":true,"m_FxEnabled":true},"in2DMode":false,"pivot":{"x":0.29274165630340578,"y":-4.196175575256348,"z":4.829640865325928},"rotation":{"x":-0.33545729517936709,"y":0.034507885575294498,"z":-0.012168020941317082,"w":-0.9413929581642151},"size":9.354783058166504,"orthographic":false}