{"cameraMode":{"drawMode":0,"name":"Shaded","section":"Shading Mode"},"sceneLighting":true,"audioPlay":false,"sceneViewState":{"m_AlwaysRefresh":false,"showFog":true,"showSkybox":false,"showFlares":true,"showImageEffects":true,"showParticleSystems":true,"showVisualEffectGraphs":true,"m_FxEnabled":true},"in2DMode":false,"pivot":{"x":0.9325990080833435,"y":2.3517308235168459,"z":0.6416339874267578},"rotation":{"x":-0.3015368580818176,"y":-0.010822935961186886,"z":0.0036061573773622514,"w":-0.9534367322921753},"size":6.801012992858887,"orthographic":false}